<?xml version="1.0" encoding="UTF-8"?>
<!DOCTYPE suite SYSTEM "https://testng.org/testng-1.0.dtd">
<suite name="Suite">
	<test name="Chrome">
		<parameter name="browser" value="chrome"></parameter>
		<classes>
			<class name="homePageTestCases.TestCases" />
		</classes>
	</test> 
	<!--  <test name="Edge">
		<parameter name="browser" value="edge"></parameter>
		<classes>
			<class name="homePageTestCases.TestCases" />
		</classes>
	</test>
	<test name="Opera">
		<parameter name="browser" value="opera"></parameter>
		<classes>
			<class name="homePageTestCases.TestCases" />
		</classes>
	</test>
	<test name="FireFox">
		<parameter name="browser" value="firefox"></parameter>
		<classes>
			<class name="homePageTestCases.TestCases" />
		</classes>
	</test> -->
</suite> <!-- Suite -->
